Iteration,Training Error (%),Testing Error (%)
0,11.92,12.479999999999999
1,11.92,12.479999999999999
2,11.92,12.479999999999999
3,11.92,12.479999999999999
4,11.24,11.74
5,11.360000000000001,12.18
6,11.0,11.3
7,11.0,11.3
8,10.68,11.04
9,10.68,11.08
