Iteration,Training Error (%),Testing Error (%)
0,18.083333333333336,17.883333333333333
1,18.083333333333336,17.883333333333333
2,18.083333333333336,17.883333333333333
3,18.083333333333336,17.883333333333333
4,18.083333333333336,17.883333333333333
