Iteration,Training Stump Error (%),Testing Stump Error (%)
0,11.92,12.479999999999999
1,41.42,40.760000000000005
2,19.7,20.3
3,61.980000000000004,61.44
4,10.879999999999999,11.66
5,80.36,79.82000000000001
6,41.92,40.72
7,41.42,40.760000000000005
8,32.7,34.0
9,73.72,73.83999999999999
