Iteration,Training Error (%),Testing Error (%)
0,20.6375,27.43333333333333
1,33.12916666666666,40.06666666666667
2,15.725,22.933333333333334
3,22.179166666666667,29.433333333333334
4,14.308333333333334,21.116666666666667
