Iteration,2 Features Training Error (%),2 Features Testing Error (%),4 Features Training Error (%),4 Features Testing Error (%),6 Features Training Error (%),6 Features Testing Error (%)
0,17.133333333333333,26.900000000000002,16.925,25.633333333333336,17.058333333333334,26.583333333333332
1,27.900000000000002,39.21666666666667,27.65416666666667,37.95,27.891666666666666,38.81666666666666
